code_commune_ancienne,nom_commune_ancienne,type_commune_ancienne,code_commune_insee
22007,Binic,commune-deleguee,22055
22027,Le Cambout,commune-deleguee,22241
22038,Châtelaudren,commune-deleguee,22206
22043,Coëtlogon,commune-deleguee,22241
22058,La Ferrière,commune-deleguee,22183
22066,Le Gouray,commune-deleguee,22046
22078,Hengoat,commune-deleguee,22264
22080,L'Hermitage-Lorge,commune-deleguee,22203
22100,Langast,commune-deleguee,22219
22102,Langourla,commune-deleguee,22046
22123,Léhon,commune-deleguee,22050
22151,Meslin,commune-deleguee,22093
22154,Morieux,commune-deleguee,22093
22167,Perret,commune-deleguee,22107
22173,Planguenoual,commune-deleguee,22093
22191,Plessala,commune-deleguee,22046
22192,Plessix-Balisson,commune-deleguee,22209
22200,Pléven,commune-deleguee,22237
22247,Pommerit-Jaudy,commune-deleguee,22264
22253,Pouldouran,commune-deleguee,22264
22290,Saint-Gelven,commune-deleguee,22107
22292,Saint-Gilles-du-Mené,commune-deleguee,22046
22297,Saint-Gouéno,commune-deleguee,22046
22298,Saint-Guen,commune-deleguee,22158
22303,Saint-Jacut-du-Mené,commune-deleguee,22046
22309,Saint-Launeuc,commune-deleguee,22147
22357,Trégon,commune-deleguee,22209
29052,Esquibien,commune-deleguee,29003
29092,Kernével,commune-associee,29241
29127,Loc-Eguiner-Saint-Thégonnec,commune-deleguee,29266
29129,Locmaria-Berrien,commune-deleguee,29227
29149,Milizac,commune-deleguee,29076
29203,Plounéour-Trez,commune-deleguee,29021
29219,Le Ponthou,commune-deleguee,29199
35011,Baillé,commune-deleguee,35292
35048,Campel,commune-deleguee,35168
35053,Chancé,commune-deleguee,35220
35074,Chaumeré,commune-associee,35096
35083,Coglès,commune-deleguee,35191
35100,Dompierre-du-Chemin,commune-deleguee,35163
35112,Fleurigné,commune-deleguee,35062
35113,La Fontenelle,commune-deleguee,35004
35147,Lanhélin,commune-deleguee,35308
35209,Ossé,commune-deleguee,35069
35254,Saint-Aubin-du-Pavail,commune-deleguee,35069
35267,Saint-Étienne-en-Coglès,commune-deleguee,35257
35269,Saint-Georges-de-Chesné,commune-deleguee,35282
35293,Saint-Marc-sur-Couesnon,commune-deleguee,35282
35301,Saint-M'Hervon,commune-deleguee,35184
35303,Saint-Ouen-la-Rouërie,commune-deleguee,35004
35323,La Selle-en-Coglès,commune-deleguee,35191
35341,Tremblay,commune-deleguee,35004
35344,Tressé,commune-deleguee,35308
35348,Vendel,commune-deleguee,35282
56037,La Chapelle-Caro,commune-deleguee,56197
56038,La Chapelle-Gaceline,commune-deleguee,56061
56049,Croixanvec,commune-deleguee,56213
56059,Les Forges,commune-deleguee,56102
56064,Glénac,commune-deleguee,56061
56142,Moustoir-Remungol,commune-deleguee,56144
56183,Quelneuc,commune-deleguee,56033
56187,Quily,commune-deleguee,56197
56192,Remungol,commune-deleguee,56144
